{"gen": 49, "best_fitness": -7.333509730331758, "num_hidden": 1, "avg_fitness": -2.9204444642090515, "avg_hidden": 2.08, "_timestamp": 1649346682, "_runtime": 87, "_step": 49, "_wandb": {"runtime": 87}}