{"gen": 5, "best_fitness": -1.9427828037215502, "num_hidden": 0, "avg_fitness": -0.719650692949692, "avg_hidden": 0, "_timestamp": 1649347807, "_runtime": 20, "_step": 5, "_wandb": {"runtime": 20}}