{"gen": 199, "best_fitness": -8.525317400772895, "num_hidden": 1, "avg_fitness": -4.260632574047093, "avg_hidden": 3.02, "_timestamp": 1649347950, "_runtime": 533, "_step": 199, "_wandb": {"runtime": 533}}