{"gen": 49, "best_fitness": -4.993234879478076, "num_hidden": 2, "avg_fitness": -2.3720437546581388, "avg_hidden": 1.96, "_timestamp": 1649332446, "_runtime": 70, "_step": 49, "_wandb": {"runtime": 69}}