{"gen": 49, "best_fitness": -4.70688566503026, "num_hidden": 2, "avg_fitness": -2.339915209056217, "avg_hidden": 1.88, "_timestamp": 1650379604, "_runtime": 120, "_step": 49, "_wandb": {"runtime": 119}}