{"gen": 49, "best_fitness": -7.211209952613893, "num_hidden": 2, "avg_fitness": -3.0749596705964133, "avg_hidden": 1.8, "_timestamp": 1649344216, "_runtime": 72, "_step": 49, "_wandb": {"runtime": 71}}