{"gen": 199, "best_fitness": -8.034628971708155, "num_hidden": 1, "avg_fitness": -3.768661450384065, "avg_hidden": 1.84, "_timestamp": 1649299939, "_runtime": 465, "_step": 199, "_wandb": {"runtime": 464}}