{"gen": 199, "best_fitness": -9.425271764523838, "num_hidden": 2, "avg_fitness": -3.7928411708701617, "avg_hidden": 1.88, "_timestamp": 1649361409, "_runtime": 464, "_step": 199, "_wandb": {"runtime": 462}}