{"gen": 199, "best_fitness": -5.606930343222385, "num_hidden": 0, "avg_fitness": -3.0333918526643027, "avg_hidden": 0, "_timestamp": 1649356923, "_runtime": 487, "_step": 199, "_wandb": {"runtime": 486}}