{"gen": 49, "best_fitness": -5.1375734086529, "num_hidden": 0, "avg_fitness": -1.7731105830256149, "avg_hidden": 0, "_timestamp": 1649349470, "_runtime": 100, "_step": 49, "_wandb": {"runtime": 99}}