{"gen": 49, "best_fitness": -5.993148432260075, "num_hidden": 2, "avg_fitness": -2.8139308787465285, "avg_hidden": 2.0, "_timestamp": 1650391574, "_runtime": 178, "_step": 49, "_wandb": {"runtime": 176}}