{"gen": 49, "best_fitness": -4.449518584922238, "num_hidden": 2, "avg_fitness": -2.5441533211142175, "avg_hidden": 1.88, "_timestamp": 1650394048, "_runtime": 176, "_step": 49, "_wandb": {"runtime": 175}}