{"gen": 5, "best_fitness": -2.4547647201542864, "num_hidden": 1, "avg_fitness": -0.7778078137755638, "avg_hidden": 1.48, "_timestamp": 1649343571, "_runtime": 13, "_step": 5, "_wandb": {"runtime": 13}}