{"gen": 49, "best_fitness": -4.687340400644399, "num_hidden": 2, "avg_fitness": -1.8411352669056638, "avg_hidden": 1.88, "num_synapses": 18, "avg_synapses": 18.0, "_timestamp": 1649690938, "_runtime": 61, "_step": 49, "_wandb": {"runtime": 60}}