{"gen": 199, "best_fitness": -6.801441557979624, "num_hidden": 0, "avg_fitness": -2.8017483437488533, "avg_hidden": 0, "_timestamp": 1649353784, "_runtime": 527, "_step": 199, "_wandb": {"runtime": 526}}