{"gen": 1, "best_fitness": -1.8550522464311336, "num_hidden": 1, "avg_fitness": -0.20212078592566787, "avg_hidden": 1.08, "num_synapses": 18, "avg_synapses": 19.6, "_timestamp": 1649689448, "_runtime": 6, "_step": 1, "_wandb": {"runtime": 4}}