{"gen": 49, "best_fitness": -5.3573137177981796, "num_hidden": 1, "avg_fitness": -2.639762726608643, "avg_hidden": 1.92, "_timestamp": 1650382727, "_runtime": 173, "_step": 49, "_wandb": {"runtime": 173}}