{"gen": 49, "best_fitness": -4.930297358876622, "num_hidden": 5, "avg_fitness": -2.6746832586902474, "avg_hidden": 2.4, "_timestamp": 1649350444, "_runtime": 92, "_step": 49, "_wandb": {"runtime": 90}}