{"gen": 199, "best_fitness": -7.84140892385219, "num_hidden": 2, "avg_fitness": -3.6798370255101815, "avg_hidden": 3.0, "_timestamp": 1649347393, "_runtime": 535, "_step": 199, "_wandb": {"runtime": 534}}