{"gen": 49, "best_fitness": -4.97695762251623, "num_hidden": 1, "avg_fitness": -2.9297818832688183, "avg_hidden": 3.08, "_timestamp": 1649346469, "_runtime": 93, "_step": 49, "_wandb": {"runtime": 93}}