{"gen": 49, "best_fitness": -5.533530147197453, "num_hidden": 2, "avg_fitness": -2.5592811015149253, "avg_hidden": 1.88, "_timestamp": 1649344020, "_runtime": 88, "_step": 49, "_wandb": {"runtime": 88}}