{"gen": 199, "best_fitness": -7.043058890074444, "num_hidden": 2, "avg_fitness": -3.589621865708452, "avg_hidden": 1.9, "_timestamp": 1649359443, "_runtime": 466, "_step": 199, "_wandb": {"runtime": 464}}