{"gen": 34, "best_fitness": -5.32017446253002, "num_hidden": 0, "avg_fitness": -1.8169758743052538, "avg_hidden": 0, "_timestamp": 1649347591, "_runtime": 69, "_step": 34, "_wandb": {"runtime": 70}}