{"gen": 49, "best_fitness": -6.108203642940707, "num_hidden": 2, "avg_fitness": -2.5299920667334463, "avg_hidden": 1.88, "_timestamp": 1649343920, "_runtime": 86, "_step": 49, "_wandb": {"runtime": 85}}