{"gen": 49, "best_fitness": -4.753491267080038, "num_hidden": 2, "avg_fitness": -1.8370060550447649, "avg_hidden": 1.84, "num_synapses": 38, "avg_synapses": 34.8, "_timestamp": 1649690082, "_runtime": 66, "_step": 49, "_wandb": {"runtime": 65}}