{"gen": 49, "best_fitness": -4.314327061304237, "num_hidden": 2, "avg_fitness": -1.5475246178009334, "avg_hidden": 1.84, "num_synapses": 38, "avg_synapses": 34.8, "_timestamp": 1649689766, "_runtime": 63, "_step": 49, "_wandb": {"runtime": 62}}