{"gen": 49, "best_fitness": -4.306159690156018, "num_hidden": 2, "avg_fitness": -2.228276773086486, "avg_hidden": 1.96, "_timestamp": 1650382335, "_runtime": 179, "_step": 49, "_wandb": {"runtime": 178}}