{"gen": 49, "best_fitness": -3.5761264804771793, "num_hidden": 0, "avg_fitness": -2.1045340486262454, "avg_hidden": 0, "_timestamp": 1649347100, "_runtime": 93, "_step": 49, "_wandb": {"runtime": 92}}