{"gen": 23, "best_fitness": -5.793855210962519, "num_hidden": 0, "avg_fitness": -1.9430798866133905, "avg_hidden": 0, "_timestamp": 1649347395, "_runtime": 47, "_step": 23, "_wandb": {"runtime": 46}}