{"gen": 49, "best_fitness": -5.294262897902007, "num_hidden": 1, "avg_fitness": -2.7612903521341656, "avg_hidden": 2.36, "_timestamp": 1649350089, "_runtime": 90, "_step": 49, "_wandb": {"runtime": 89}}