{"gen": 49, "best_fitness": -4.033653357224925, "num_hidden": 0, "avg_fitness": -1.9135217667513722, "avg_hidden": 0, "_timestamp": 1650397119, "_runtime": 181, "_step": 49, "_wandb": {"runtime": 180}}