{"gen": 49, "best_fitness": -5.3631036314678235, "num_hidden": 0, "avg_fitness": -1.6503159324066496, "avg_hidden": 0, "_timestamp": 1649347697, "_runtime": 93, "_step": 49, "_wandb": {"runtime": 92}}