{"gen": 49, "best_fitness": -5.1692595318479375, "num_hidden": 4, "avg_fitness": -2.715388537230964, "avg_hidden": 2.52, "_timestamp": 1649350218, "_runtime": 93, "_step": 49, "_wandb": {"runtime": 92}}