{"gen": 49, "best_fitness": -4.79994608476068, "num_hidden": 2, "avg_fitness": -1.9121218717931, "avg_hidden": 1.88, "num_synapses": 18, "avg_synapses": 18.0, "_timestamp": 1649690864, "_runtime": 62, "_step": 49, "_wandb": {"runtime": 61}}