{"gen": 199, "best_fitness": -5.714962285023741, "num_hidden": 0, "avg_fitness": -3.0860484767020666, "avg_hidden": 0, "_timestamp": 1649354857, "_runtime": 502, "_step": 199, "_wandb": {"runtime": 501}}