{"gen": 49, "best_fitness": -6.2844101679162545, "num_hidden": 2, "avg_fitness": -2.7258011472221098, "avg_hidden": 1.96, "_timestamp": 1649444716, "_runtime": 60, "_step": 49, "_wandb": {"runtime": 58}}