{"gen": 199, "best_fitness": -8.56630130877836, "num_hidden": 2, "avg_fitness": -3.7461403660029675, "avg_hidden": 1.94, "_timestamp": 1649360430, "_runtime": 464, "_step": 199, "_wandb": {"runtime": 462}}