{"gen": 49, "best_fitness": -3.696892332219796, "num_hidden": 1, "avg_fitness": -2.331631960475211, "avg_hidden": 1.8, "_timestamp": 1649343691, "_runtime": 107, "_step": 49, "_wandb": {"runtime": 106}}