{"gen": 199, "best_fitness": -8.40955409614273, "num_hidden": 4, "avg_fitness": -3.642701881504165, "avg_hidden": 3.18, "_timestamp": 1649352456, "_runtime": 536, "_step": 199, "_wandb": {"runtime": 534}}