{"gen": 0, "best_fitness": -2.3384758184698313, "num_hidden": 1, "avg_fitness": -0.0091060421037898, "avg_hidden": 1.0, "_timestamp": 1649343940, "_runtime": 4, "_step": 0, "_wandb": {"runtime": 4}}