{"gen": 199, "best_fitness": -6.897096584298844, "num_hidden": 1, "avg_fitness": -3.7089694059388147, "avg_hidden": 3.4, "_timestamp": 1649351354, "_runtime": 571, "_step": 199, "_wandb": {"runtime": 570}}