{"gen": 49, "best_fitness": -5.2994175226653075, "num_hidden": 2, "avg_fitness": -1.7814766855939888, "avg_hidden": 1.88, "num_synapses": 38, "avg_synapses": 35.6, "_timestamp": 1649689849, "_runtime": 65, "_step": 49, "_wandb": {"runtime": 65}}