{"gen": 594, "best_fitness": -6.727562174961814, "num_hidden": 0, "avg_fitness": -3.4704245083229264, "avg_hidden": 0, "_timestamp": 1649463600, "_runtime": 4842, "_step": 594, "_wandb": {"runtime": 4848}}