{"gen": 49, "best_fitness": -4.644379294054583, "num_hidden": 2, "avg_fitness": -2.723228798990843, "avg_hidden": 2.36, "_timestamp": 1649346365, "_runtime": 91, "_step": 49, "_wandb": {"runtime": 90}}