{"gen": 49, "best_fitness": -4.506306814100076, "num_hidden": 2, "avg_fitness": -2.6264303916110276, "avg_hidden": 2.76, "_timestamp": 1649345991, "_runtime": 91, "_step": 49, "_wandb": {"runtime": 91}}