{"gen": 799, "best_fitness": -7.142731749753029, "num_hidden": 0, "avg_fitness": -3.7707280144429967, "avg_hidden": 0, "_timestamp": 1649434291, "_runtime": 6493, "_step": 799, "_wandb": {"runtime": 6491}}