{"gen": 290, "best_fitness": -7.176690664352666, "num_hidden": 0, "avg_fitness": -3.010985671422808, "avg_hidden": 0, "_timestamp": 1649436756, "_runtime": 2389, "_step": 290, "_wandb": {"runtime": 7509}}