{"gen": 49, "best_fitness": -5.128073852978048, "num_hidden": 1, "avg_fitness": -2.6691644043368137, "avg_hidden": 1.88, "_timestamp": 1649332793, "_runtime": 70, "_step": 49, "_wandb": {"runtime": 69}}