{"gen": 49, "best_fitness": -6.026124571612608, "num_hidden": 2, "avg_fitness": -2.760132463018228, "avg_hidden": 2.0, "_timestamp": 1649332296, "_runtime": 71, "_step": 49, "_wandb": {"runtime": 70}}