{"gen": 49, "best_fitness": -5.653735490836531, "num_hidden": 2, "avg_fitness": -2.4756276875241654, "avg_hidden": 1.88, "_timestamp": 1650391112, "_runtime": 178, "_step": 49, "_wandb": {"runtime": 177}}