{"gen": 6, "best_fitness": -3.80264864809362, "num_hidden": 2, "avg_fitness": -1.0781503483476655, "avg_hidden": 1.6, "_timestamp": 1649344147, "_runtime": 15, "_step": 6, "_wandb": {"runtime": 16}}