{"gen": 199, "best_fitness": -5.358895543077365, "num_hidden": 0, "avg_fitness": -2.844405222458942, "avg_hidden": 0, "_timestamp": 1649355899, "_runtime": 497, "_step": 199, "_wandb": {"runtime": 496}}