{"gen": 46, "best_fitness": -3.414704714025814, "num_hidden": 2, "avg_fitness": -1.6031135625956323, "avg_hidden": 1.84, "num_synapses": 38, "avg_synapses": 34.8, "_timestamp": 1649689262, "_runtime": 60, "_step": 46, "_wandb": {"runtime": 61}}