{"gen": 2, "best_fitness": -1.846250206233159, "num_hidden": 0, "avg_fitness": -0.37838627250034884, "avg_hidden": 0, "_timestamp": 1649347123, "_runtime": 8, "_step": 2, "_wandb": {"runtime": 8}}