{"gen": 799, "best_fitness": -10.17090666075573, "num_hidden": 2, "avg_fitness": -4.67965126738024, "avg_hidden": 1.95, "_timestamp": 1649400546, "_runtime": 7677, "_step": 799, "_wandb": {"runtime": 7676}}