{"gen": 1, "best_fitness": -2.6464355845398386, "num_hidden": 1, "avg_fitness": -0.33483748735501334, "avg_hidden": 1.36, "_timestamp": 1650379375, "_runtime": 68, "_step": 1}