{"gen": 199, "best_fitness": -6.559746481944552, "num_hidden": 1, "avg_fitness": -3.7041205424578494, "avg_hidden": 3.0, "_timestamp": 1649348527, "_runtime": 551, "_step": 199, "_wandb": {"runtime": 550}}