{"gen": 49, "best_fitness": -6.941311218967596, "num_hidden": 2, "avg_fitness": -2.8831285306811174, "avg_hidden": 2.64, "_timestamp": 1649346094, "_runtime": 91, "_step": 49, "_wandb": {"runtime": 90}}