{"gen": 31, "best_fitness": -4.383040612711003, "num_hidden": 1, "avg_fitness": -2.1515186752829565, "avg_hidden": 2.24, "_timestamp": 1649349987, "_runtime": 73, "_step": 31, "_wandb": {"runtime": 73}}