{"gen": 799, "best_fitness": -10.697207125851396, "num_hidden": 2, "avg_fitness": -4.7226338243618615, "avg_hidden": 1.98, "_timestamp": 1649421080, "_runtime": 6301, "_step": 799, "_wandb": {"runtime": 6299}}