{"gen": 49, "best_fitness": -5.687894076558576, "num_hidden": 1, "avg_fitness": -2.441957478937969, "avg_hidden": 1.96, "_timestamp": 1650389359, "_runtime": 182, "_step": 49, "_wandb": {"runtime": 180}}