{"gen": 49, "best_fitness": -5.703055399483338, "num_hidden": 2, "avg_fitness": -2.664826517590149, "avg_hidden": 1.84, "_timestamp": 1649343821, "_runtime": 101, "_step": 49, "_wandb": {"runtime": 100}}