{"gen": 49, "best_fitness": -5.704792046442706, "num_hidden": 2, "avg_fitness": -2.593398465896052, "avg_hidden": 1.92, "_timestamp": 1649343744, "_runtime": 70, "_step": 49, "_wandb": {"runtime": 69}}