{"gen": 199, "best_fitness": -7.425437800637034, "num_hidden": 2, "avg_fitness": -3.94796460079649, "avg_hidden": 1.98, "_timestamp": 1649359938, "_runtime": 467, "_step": 199, "_wandb": {"runtime": 466}}