{"gen": 49, "best_fitness": -5.79042998978904, "num_hidden": 2, "avg_fitness": -2.343576852855437, "avg_hidden": 2.0, "_timestamp": 1649343832, "_runtime": 72, "_step": 49, "_wandb": {"runtime": 70}}