{"gen": 799, "best_fitness": -9.293881810815625, "num_hidden": 2, "avg_fitness": -4.641888520412943, "avg_hidden": 1.955, "_timestamp": 1649408171, "_runtime": 7542, "_step": 799, "_wandb": {"runtime": 7541}}