{"gen": 199, "best_fitness": -7.2613879673532, "num_hidden": 2, "avg_fitness": -3.628381655705537, "avg_hidden": 1.84, "_timestamp": 1649365756, "_runtime": 477, "_step": 199, "_wandb": {"runtime": 475}}