{"gen": 49, "best_fitness": -6.080141927021223, "num_hidden": 1, "avg_fitness": -2.191223049075103, "avg_hidden": 1.84, "num_synapses": 18, "avg_synapses": 34.8, "_timestamp": 1649689607, "_runtime": 63, "_step": 49, "_wandb": {"runtime": 63}}