{"gen": 20, "best_fitness": -3.505632858141032, "num_hidden": 2, "avg_fitness": -1.692632986482121, "avg_hidden": 1.84, "_timestamp": 1649344263, "_runtime": 31, "_step": 20, "_wandb": {"runtime": 32}}