{"gen": 49, "best_fitness": -3.8401330963531066, "num_hidden": 0, "avg_fitness": -1.8635289794846859, "avg_hidden": 0, "_timestamp": 1649347228, "_runtime": 93, "_step": 49, "_wandb": {"runtime": 92}}