{"gen": 199, "best_fitness": -5.606930343222385, "num_hidden": 0, "avg_fitness": -2.8111932828438233, "avg_hidden": 0, "_timestamp": 1649356411, "_runtime": 487, "_step": 199, "_wandb": {"runtime": 486}}