{"gen": 199, "best_fitness": -5.966660252197644, "num_hidden": 0, "avg_fitness": -2.890228371989387, "avg_hidden": 0, "_timestamp": 1652111952, "_runtime": 1419, "_step": 199, "_wandb": {"runtime": 1418}}