{"gen": 49, "best_fitness": -4.5277582180282, "num_hidden": 2, "avg_fitness": -1.8056731057310749, "avg_hidden": 1.92, "num_synapses": 38, "avg_synapses": 36.4, "_timestamp": 1649689427, "_runtime": 64, "_step": 49, "_wandb": {"runtime": 64}}