{"gen": 49, "best_fitness": -6.671639196394208, "num_hidden": 2, "avg_fitness": -2.683511842337124, "avg_hidden": 2.0, "_timestamp": 1649351083, "_runtime": 86, "_step": 49, "_wandb": {"runtime": 85}}