{"gen": 49, "best_fitness": -2.5771740005069015, "num_hidden": 0, "avg_fitness": -1.7567470267999008, "avg_hidden": 0, "_timestamp": 1649347507, "_runtime": 99, "_step": 49, "_wandb": {"runtime": 99}}