{"gen": 49, "best_fitness": -5.847135395680995, "num_hidden": 0, "avg_fitness": -1.969814774198593, "avg_hidden": 0, "_timestamp": 1649349302, "_runtime": 106, "_step": 49, "_wandb": {"runtime": 106}}