{"gen": 3, "best_fitness": -3.280513324654238, "num_hidden": 1, "avg_fitness": -0.6575895327286603, "avg_hidden": 1.56, "_timestamp": 1649351187, "_runtime": 9, "_step": 3, "_wandb": {"runtime": 10}}