{"gen": 49, "best_fitness": -5.856538769097512, "num_hidden": 1, "avg_fitness": -2.7870806917008046, "avg_hidden": 1.88, "_timestamp": 1649350986, "_runtime": 86, "_step": 49, "_wandb": {"runtime": 86}}