{"gen": 23, "best_fitness": -4.206020232236842, "num_hidden": 0, "avg_fitness": -1.4185684001559715, "avg_hidden": 0, "_timestamp": 1650396902, "_runtime": 679, "_step": 23, "_wandb": {"runtime": 689}}