{"gen": 199, "best_fitness": -7.921703634750819, "num_hidden": 1, "avg_fitness": -3.909470249872097, "avg_hidden": 1.84, "_timestamp": 1649301042, "_runtime": 456, "_step": 199, "_wandb": {"runtime": 455}}