{"gen": 49, "best_fitness": -5.677722531911037, "num_hidden": 2, "avg_fitness": -2.628982833884807, "avg_hidden": 2.0, "_timestamp": 1649332619, "_runtime": 69, "_step": 49, "_wandb": {"runtime": 68}}