{"gen": 24, "best_fitness": -6.846100236992584, "num_hidden": 2, "avg_fitness": -2.2654449468379467, "avg_hidden": 1.8, "_timestamp": 1649351138, "_runtime": 44, "_step": 24, "_wandb": {"runtime": 45}}