{"gen": 49, "best_fitness": -6.375379562411237, "num_hidden": 3, "avg_fitness": -2.5423208363508807, "avg_hidden": 2.44, "_timestamp": 1649346582, "_runtime": 88, "_step": 49, "_wandb": {"runtime": 87}}