{"gen": 49, "best_fitness": -4.41929128598432, "num_hidden": 2, "avg_fitness": -1.9864242759674517, "avg_hidden": 1.88, "_timestamp": 1650395301, "_runtime": 177, "_step": 49, "_wandb": {"runtime": 177}}