{"gen": 49, "best_fitness": -5.541669820926017, "num_hidden": 1, "avg_fitness": -2.69833615533784, "avg_hidden": 1.88, "_timestamp": 1650380557, "_runtime": 173, "_step": 49, "_wandb": {"runtime": 172}}