{"gen": 199, "best_fitness": -6.801441557979624, "num_hidden": 0, "avg_fitness": -2.785898191310272, "avg_hidden": 0, "_timestamp": 1649353231, "_runtime": 528, "_step": 199, "_wandb": {"runtime": 527}}