{"gen": 49, "best_fitness": -7.019745486292595, "num_hidden": 2, "avg_fitness": -2.1533282448050617, "avg_hidden": 1.96, "_timestamp": 1649344118, "_runtime": 86, "_step": 49, "_wandb": {"runtime": 85}}