{"gen": 17, "best_fitness": -4.20177607680837, "num_hidden": 1, "avg_fitness": -1.797735404889835, "avg_hidden": 1.92, "_timestamp": 1649349901, "_runtime": 36, "_step": 17, "_wandb": {"runtime": 37}}