{"gen": 49, "best_fitness": -5.79042998978904, "num_hidden": 2, "avg_fitness": -2.571363481011789, "avg_hidden": 1.92, "_timestamp": 1649343920, "_runtime": 72, "_step": 49, "_wandb": {"runtime": 71}}