{"gen": 41, "best_fitness": -4.974376491985216, "num_hidden": 2, "avg_fitness": -2.816152817029786, "avg_hidden": 1.92, "_timestamp": 1649351274, "_runtime": 74, "_step": 41, "_wandb": {"runtime": 74}}