{"gen": 49, "best_fitness": -5.312742333237393, "num_hidden": 1, "avg_fitness": -2.4917805561606508, "avg_hidden": 1.88, "_timestamp": 1650395798, "_runtime": 175, "_step": 49, "_wandb": {"runtime": 174}}