{"gen": 10, "best_fitness": -4.032070527352424, "num_hidden": 1, "avg_fitness": -1.414359684816769, "avg_hidden": 1.6, "_timestamp": 1649298453, "_runtime": 16, "_step": 10}