{"gen": 27, "best_fitness": -6.038774755333471, "num_hidden": 2, "avg_fitness": -1.4660273191309197, "avg_hidden": 1.68, "num_synapses": 18, "avg_synapses": 18.0, "_timestamp": 1649692168, "_runtime": 33, "_step": 27, "_wandb": {"runtime": 32}}