{"gen": 199, "best_fitness": -5.664335980986994, "num_hidden": 0, "avg_fitness": -2.954676441964045, "avg_hidden": 0, "_timestamp": 1649354329, "_runtime": 520, "_step": 199, "_wandb": {"runtime": 519}}