{"gen": 199, "best_fitness": -7.608500635572846, "num_hidden": 1, "avg_fitness": -4.101887556193364, "avg_hidden": 1.9, "_timestamp": 1649299446, "_runtime": 465, "_step": 199, "_wandb": {"runtime": 464}}