{"gen": 49, "best_fitness": -4.184816663584156, "num_hidden": 0, "avg_fitness": -1.6848367735543668, "avg_hidden": 0, "_timestamp": 1649349596, "_runtime": 113, "_step": 49, "_wandb": {"runtime": 112}}