{"gen": 29, "best_fitness": -6.304035705833243, "num_hidden": 2, "avg_fitness": -2.5346098111453377, "avg_hidden": 2.44, "_timestamp": 1649346263, "_runtime": 55, "_step": 29, "_wandb": {"runtime": 55}}