{"gen": 49, "best_fitness": -7.6362843537195335, "num_hidden": 2, "avg_fitness": -3.1725458084490556, "avg_hidden": 1.88, "_timestamp": 1649332210, "_runtime": 72, "_step": 49, "_wandb": {"runtime": 71}}