{"gen": 199, "best_fitness": -7.2613879673532, "num_hidden": 2, "avg_fitness": -3.7932617244863587, "avg_hidden": 1.94, "_timestamp": 1649365253, "_runtime": 464, "_step": 199, "_wandb": {"runtime": 462}}