{"gen": 49, "best_fitness": -4.699287997390738, "num_hidden": 2, "avg_fitness": -2.6370918754815222, "avg_hidden": 2.0, "_timestamp": 1649349851, "_runtime": 93, "_step": 49, "_wandb": {"runtime": 92}}