{"gen": 199, "best_fitness": -8.55650279339507, "num_hidden": 1, "avg_fitness": -4.196318754165837, "avg_hidden": 3.06, "_timestamp": 1649349633, "_runtime": 516, "_step": 199, "_wandb": {"runtime": 515}}