{"gen": 46, "best_fitness": -5.0483729966391175, "num_hidden": 2, "avg_fitness": -1.6380829114011528, "avg_hidden": 1.88, "num_synapses": 18, "avg_synapses": 18.0, "_timestamp": 1649691283, "_runtime": 62, "_step": 46, "_wandb": {"runtime": 62}}