{"gen": 49, "best_fitness": -5.772282745061532, "num_hidden": 2, "avg_fitness": -2.570574952430466, "avg_hidden": 1.8, "_timestamp": 1649344022, "_runtime": 67, "_step": 49, "_wandb": {"runtime": 66}}