{"gen": 49, "best_fitness": -4.024409706760098, "num_hidden": 0, "avg_fitness": -1.5961072441197541, "avg_hidden": 0, "_timestamp": 1649349183, "_runtime": 100, "_step": 49, "_wandb": {"runtime": 99}}