{"gen": 49, "best_fitness": -4.412874919076961, "num_hidden": 1, "avg_fitness": -2.6024348731010694, "avg_hidden": 1.92, "_timestamp": 1649332706, "_runtime": 71, "_step": 49, "_wandb": {"runtime": 70}}