{"gen": 799, "best_fitness": -5.970053680038081, "num_hidden": 0, "avg_fitness": -3.6396358913520124, "avg_hidden": 0, "_timestamp": 1649427722, "_runtime": 6467, "_step": 799, "_wandb": {"runtime": 6466}}