{"gen": 18, "best_fitness": -3.9882403883678608, "num_hidden": 2, "avg_fitness": -1.8340019777657772, "avg_hidden": 1.84, "_timestamp": 1650392153, "_runtime": 69, "_step": 18, "_wandb": {"runtime": 71}}