{"gen": 49, "best_fitness": -3.6304547497032735, "num_hidden": 2, "avg_fitness": -2.4552480114008066, "avg_hidden": 1.96, "_timestamp": 1650379884, "_runtime": 118, "_step": 49, "_wandb": {"runtime": 117}}