{"gen": 49, "best_fitness": -6.655012150204294, "num_hidden": 2, "avg_fitness": -2.1223855932847995, "avg_hidden": 1.88, "num_synapses": 18, "avg_synapses": 18.0, "_timestamp": 1649690708, "_runtime": 63, "_step": 49, "_wandb": {"runtime": 62}}