{"gen": 4, "best_fitness": -2.886222178037921, "num_hidden": 1, "avg_fitness": -0.7533352290066655, "avg_hidden": 1.4, "_timestamp": 1649350112, "_runtime": 12, "_step": 4, "_wandb": {"runtime": 12}}