{"gen": 49, "best_fitness": -3.677940073058567, "num_hidden": 0, "avg_fitness": -2.0506190329860323, "avg_hidden": 0, "_timestamp": 1649347337, "_runtime": 98, "_step": 49, "_wandb": {"runtime": 97}}