{"gen": 251, "best_fitness": -7.761983332125587, "num_hidden": 0, "avg_fitness": -2.888480408062675, "avg_hidden": 0, "_timestamp": 1649444080, "_runtime": 2124, "_step": 251}