{"gen": 49, "best_fitness": -5.772540326816023, "num_hidden": 2, "avg_fitness": -2.47587045451982, "avg_hidden": 1.92, "_timestamp": 1650305476, "_runtime": 65, "_step": 49, "_wandb": {"runtime": 64}}