{"gen": 199, "best_fitness": -7.589037445512499, "num_hidden": 4, "avg_fitness": -4.008450226548804, "avg_hidden": 2.7, "_timestamp": 1649349092, "_runtime": 540, "_step": 199, "_wandb": {"runtime": 539}}