{"gen": 49, "best_fitness": -6.120724363780215, "num_hidden": 1, "avg_fitness": -2.4407516987768365, "avg_hidden": 1.8, "_timestamp": 1650392025, "_runtime": 179, "_step": 49, "_wandb": {"runtime": 178}}