{"gen": 19, "best_fitness": -3.747816599243048, "num_hidden": 2, "avg_fitness": -1.5713692517509148, "avg_hidden": 1.92, "_timestamp": 1650394238, "_runtime": 73, "_step": 19, "_wandb": {"runtime": 74}}