{"gen": 199, "best_fitness": -9.425271764523838, "num_hidden": 2, "avg_fitness": -3.9762118325402662, "avg_hidden": 1.88, "_timestamp": 1649360919, "_runtime": 461, "_step": 199, "_wandb": {"runtime": 460}}