{"gen": 199, "best_fitness": -7.035824726616907, "num_hidden": 2, "avg_fitness": -3.556423733197247, "avg_hidden": 1.92, "_timestamp": 1649302505, "_runtime": 461, "_step": 199, "_wandb": {"runtime": 460}}