{"gen": 49, "best_fitness": -5.772282745061532, "num_hidden": 2, "avg_fitness": -2.7839522362521176, "avg_hidden": 1.92, "_timestamp": 1649344129, "_runtime": 69, "_step": 49, "_wandb": {"runtime": 68}}