{"gen": 49, "best_fitness": -4.56952506722494, "num_hidden": 2, "avg_fitness": -2.480851517755399, "avg_hidden": 1.92, "_timestamp": 1649350737, "_runtime": 92, "_step": 49, "_wandb": {"runtime": 91}}