{"gen": 187, "best_fitness": -8.122078635313173, "num_hidden": 2, "avg_fitness": -3.2789513303896043, "avg_hidden": 1.98, "num_synapses": 38, "avg_synapses": 37.6, "_timestamp": 1649690550, "_runtime": 428, "_step": 187}