{"gen": 28, "best_fitness": -5.047810715529897, "num_hidden": 1, "avg_fitness": -1.3495896966462744, "avg_hidden": 1.72, "num_synapses": 18, "avg_synapses": 18.0, "_timestamp": 1649690990, "_runtime": 36, "_step": 28}