{"gen": 199, "best_fitness": -10.18004283269544, "num_hidden": 2, "avg_fitness": -3.9412660640274826, "avg_hidden": 1.98, "_timestamp": 1649302017, "_runtime": 461, "_step": 199, "_wandb": {"runtime": 459}}