{"gen": 49, "best_fitness": -3.5046740083451633, "num_hidden": 2, "avg_fitness": -1.4210872748034058, "avg_hidden": 1.8, "num_synapses": 38, "avg_synapses": 34.0, "_timestamp": 1649689526, "_runtime": 63, "_step": 49, "_wandb": {"runtime": 63}}