{"gen": 49, "best_fitness": -5.021651089689971, "num_hidden": 2, "avg_fitness": -2.498107500525549, "avg_hidden": 1.92, "_timestamp": 1650380058, "_runtime": 117, "_step": 49, "_wandb": {"runtime": 115}}