{"gen": 16, "best_fitness": -3.9792249612938324, "num_hidden": 0, "avg_fitness": -1.2681528025039919, "avg_hidden": 0, "_timestamp": 1649349351, "_runtime": 37, "_step": 16, "_wandb": {"runtime": 38}}