{"gen": 199, "best_fitness": -8.650384295757362, "num_hidden": 4, "avg_fitness": -4.143764574905763, "avg_hidden": 2.78, "_timestamp": 1649350758, "_runtime": 542, "_step": 199, "_wandb": {"runtime": 541}}