{"gen": 49, "best_fitness": -6.004478049981934, "num_hidden": 2, "avg_fitness": -1.8722574775890775, "avg_hidden": 1.88, "num_synapses": 18, "avg_synapses": 18.0, "_timestamp": 1649690786, "_runtime": 63, "_step": 49, "_wandb": {"runtime": 62}}