{"gen": 49, "best_fitness": -5.554725723222773, "num_hidden": 2, "avg_fitness": -2.231488998188176, "avg_hidden": 1.96, "_timestamp": 1649350837, "_runtime": 87, "_step": 49, "_wandb": {"runtime": 86}}