{"gen": 7, "best_fitness": -2.926513311982083, "num_hidden": 2, "avg_fitness": -0.809933997543334, "avg_hidden": 1.76, "_timestamp": 1649351165, "_runtime": 16, "_step": 7, "_wandb": {"runtime": 16}}