{"gen": 199, "best_fitness": -8.074865941475599, "num_hidden": 2, "avg_fitness": -3.7479986628365394, "avg_hidden": 1.98, "_timestamp": 1649302993, "_runtime": 461, "_step": 199, "_wandb": {"runtime": 459}}