{"gen": 49, "best_fitness": -5.457969182714993, "num_hidden": 2, "avg_fitness": -2.5238819628104725, "avg_hidden": 1.88, "_timestamp": 1649332036, "_runtime": 68, "_step": 49, "_wandb": {"runtime": 67}}