{"gen": 18, "best_fitness": -4.109235597907363, "num_hidden": 2, "avg_fitness": -1.7538595308545348, "avg_hidden": 1.88, "_timestamp": 1649350887, "_runtime": 38, "_step": 18, "_wandb": {"runtime": 38}}