{"gen": 49, "best_fitness": -8.839366586837762, "num_hidden": 2, "avg_fitness": -2.343010330495349, "avg_hidden": 1.92, "num_synapses": 38, "avg_synapses": 36.4, "_timestamp": 1649689186, "_runtime": 65, "_step": 49, "_wandb": {"runtime": 65}}