{"gen": 34, "best_fitness": -4.128839138584619, "num_hidden": 2, "avg_fitness": -1.7434717535978106, "avg_hidden": 1.92, "_timestamp": 1649343546, "_runtime": 65, "_step": 34, "_wandb": {"runtime": 65}}