{"gen": 49, "best_fitness": -5.704792046442706, "num_hidden": 2, "avg_fitness": -3.0810686288156663, "avg_hidden": 1.92, "_timestamp": 1649343658, "_runtime": 68, "_step": 49, "_wandb": {"runtime": 67}}