{"gen": 199, "best_fitness": -9.597673607145163, "num_hidden": 2, "avg_fitness": -4.022952786857391, "avg_hidden": 1.92, "_timestamp": 1649300430, "_runtime": 464, "_step": 199, "_wandb": {"runtime": 463}}