{"gen": 49, "best_fitness": -5.425315104284471, "num_hidden": 1, "avg_fitness": -2.552053188237685, "avg_hidden": 2.36, "_timestamp": 1649346196, "_runtime": 90, "_step": 49, "_wandb": {"runtime": 89}}