{"gen": 199, "best_fitness": -8.650384295757362, "num_hidden": 1, "avg_fitness": -3.6917851017015213, "avg_hidden": 2.82, "_timestamp": 1649350191, "_runtime": 533, "_step": 199, "_wandb": {"runtime": 532}}