{"gen": 49, "best_fitness": -5.1692595318479375, "num_hidden": 2, "avg_fitness": -2.4349413966761393, "avg_hidden": 2.64, "_timestamp": 1649350341, "_runtime": 112, "_step": 49, "_wandb": {"runtime": 111}}