{"gen": 199, "best_fitness": -5.593859759708665, "num_hidden": 0, "avg_fitness": -2.558409710188743, "avg_hidden": 0, "_timestamp": 1649357446, "_runtime": 496, "_step": 199, "_wandb": {"runtime": 495}}