{"gen": 799, "best_fitness": -8.699202965996772, "num_hidden": 0, "avg_fitness": -3.641446037112962, "avg_hidden": 0, "_timestamp": 1649458681, "_runtime": 6514, "_step": 799, "_wandb": {"runtime": 6513}}