{"gen": 799, "best_fitness": -8.699202965996772, "num_hidden": 0, "avg_fitness": -3.876905782491148, "avg_hidden": 0, "_timestamp": 1649452084, "_runtime": 6567, "_step": 799, "_wandb": {"runtime": 6566}}