{"gen": 30, "best_fitness": -6.570005828586943, "num_hidden": 1, "avg_fitness": -2.0250792485027302, "avg_hidden": 1.88, "_timestamp": 1649332360, "_runtime": 47, "_step": 30, "_wandb": {"runtime": 46}}