{"gen": 49, "best_fitness": -6.378007059999443, "num_hidden": 2, "avg_fitness": -2.624550339808696, "avg_hidden": 1.96, "_timestamp": 1649343469, "_runtime": 97, "_step": 49, "_wandb": {"runtime": 96}}