{"gen": 199, "best_fitness": -5.593859759708665, "num_hidden": 0, "avg_fitness": -2.875875365284784, "avg_hidden": 0, "_timestamp": 1649357962, "_runtime": 491, "_step": 199, "_wandb": {"runtime": 490}}