{"gen": 76, "best_fitness": -4.5910645152261305, "num_hidden": 0, "avg_fitness": -2.29925943975379, "avg_hidden": 0, "_timestamp": 1652110313, "_runtime": 532, "_step": 76, "_wandb": {"runtime": 536}}