{"gen": 799, "best_fitness": -10.17090666075573, "num_hidden": 2, "avg_fitness": -4.5552524105862116, "avg_hidden": 1.96, "_timestamp": 1649392788, "_runtime": 7733, "_step": 799, "_wandb": {"runtime": 7732}}