{"gen": 43, "best_fitness": -5.62921696614265, "num_hidden": 1, "avg_fitness": -2.4187980126444213, "avg_hidden": 1.94, "_timestamp": 1649300559, "_runtime": 102, "_step": 43, "_wandb": {"runtime": 103}}