{"gen": 49, "best_fitness": -4.808684714258758, "num_hidden": 1, "avg_fitness": -2.6958567128400825, "avg_hidden": 1.96, "_timestamp": 1649350633, "_runtime": 92, "_step": 49, "_wandb": {"runtime": 91}}