{"gen": 25, "best_fitness": -3.485514751602944, "num_hidden": 0, "avg_fitness": -1.3756882870987415, "avg_hidden": 0, "_timestamp": 1649352677, "_runtime": 44, "_step": 25}