{"gen": 199, "best_fitness": -7.419988540553649, "num_hidden": 2, "avg_fitness": -3.6656851399485064, "avg_hidden": 1.92, "_timestamp": 1649298954, "_runtime": 459, "_step": 199, "_wandb": {"runtime": 458}}