{"gen": 49, "best_fitness": -7.859486726031501, "num_hidden": 1, "avg_fitness": -2.5897165397124917, "avg_hidden": 1.84, "_timestamp": 1650381389, "_runtime": 175, "_step": 49, "_wandb": {"runtime": 174}}