{"gen": 199, "best_fitness": -5.714962285023741, "num_hidden": 0, "avg_fitness": -2.912660326077066, "avg_hidden": 0, "_timestamp": 1649355378, "_runtime": 496, "_step": 199, "_wandb": {"runtime": 495}}