{"gen": 199, "best_fitness": -10.18004283269544, "num_hidden": 1, "avg_fitness": -3.961105750618464, "avg_hidden": 1.98, "_timestamp": 1649301530, "_runtime": 463, "_step": 199, "_wandb": {"runtime": 462}}