{"gen": 49, "best_fitness": -6.707839332806471, "num_hidden": 2, "avg_fitness": -2.276095699990209, "avg_hidden": 1.92, "_timestamp": 1650393065, "_runtime": 181, "_step": 49, "_wandb": {"runtime": 181}}