{"gen": 199, "best_fitness": -7.883769184984692, "num_hidden": 2, "avg_fitness": -3.836107800854319, "avg_hidden": 1.92, "_timestamp": 1649364764, "_runtime": 2838, "_step": 199, "_wandb": {"runtime": 2837}}