{"gen": 199, "best_fitness": -8.40955409614273, "num_hidden": 1, "avg_fitness": -4.162952295477241, "avg_hidden": 2.76, "_timestamp": 1649351895, "_runtime": 517, "_step": 199, "_wandb": {"runtime": 516}}