{"gen": 199, "best_fitness": -6.7520776944629715, "num_hidden": 2, "avg_fitness": -3.5995294979918735, "avg_hidden": 1.98, "_timestamp": 1649358951, "_runtime": 463, "_step": 199, "_wandb": {"runtime": 462}}