{"gen": 49, "best_fitness": -4.755186937177391, "num_hidden": 2, "avg_fitness": -1.6240876818991157, "avg_hidden": 1.92, "num_synapses": 38, "avg_synapses": 36.4, "_timestamp": 1649689688, "_runtime": 66, "_step": 49, "_wandb": {"runtime": 64}}