{"gen": 49, "best_fitness": -4.027624595363415, "num_hidden": 2, "avg_fitness": -1.6035781018514856, "avg_hidden": 1.88, "num_synapses": 38, "avg_synapses": 35.6, "_timestamp": 1649689991, "_runtime": 65, "_step": 49, "_wandb": {"runtime": 64}}