{"gen": 49, "best_fitness": -5.0483729966391175, "num_hidden": 1, "avg_fitness": -2.000511284684913, "avg_hidden": 1.8, "num_synapses": 18, "avg_synapses": 18.0, "_timestamp": 1649691204, "_runtime": 60, "_step": 49, "_wandb": {"runtime": 59}}