{"gen": 49, "best_fitness": -7.347194829593455, "num_hidden": 1, "avg_fitness": -2.930521639784731, "avg_hidden": 1.96, "_timestamp": 1650394740, "_runtime": 176, "_step": 49, "_wandb": {"runtime": 176}}