{"gen": 49, "best_fitness": -5.677722531911037, "num_hidden": 1, "avg_fitness": -2.504568602992689, "avg_hidden": 1.96, "_timestamp": 1649332534, "_runtime": 72, "_step": 49, "_wandb": {"runtime": 72}}