{"gen": 28, "best_fitness": -4.65003251823459, "num_hidden": 1, "avg_fitness": -2.135068613084331, "avg_hidden": 2.4, "_timestamp": 1649345888, "_runtime": 53, "_step": 28, "_wandb": {"runtime": 54}}