{"gen": 49, "best_fitness": -6.488749947794663, "num_hidden": 2, "avg_fitness": -2.3714371603986146, "avg_hidden": 1.92, "_timestamp": 1650392809, "_runtime": 177, "_step": 49, "_wandb": {"runtime": 176}}