{"gen": 49, "best_fitness": -4.2785955832345826, "num_hidden": 0, "avg_fitness": -1.8803401497260257, "avg_hidden": 0, "_timestamp": 1649349713, "_runtime": 103, "_step": 49, "_wandb": {"runtime": 102}}