{"gen": 27, "best_fitness": -2.9355958063588767, "num_hidden": 0, "avg_fitness": -1.3468230695133194, "avg_hidden": 0, "_timestamp": 1649347770, "_runtime": 62, "_step": 27, "_wandb": {"runtime": 63}}