{"gen": 49, "best_fitness": -7.6362843537195335, "num_hidden": 2, "avg_fitness": -2.752233153416074, "avg_hidden": 1.88, "_timestamp": 1649332122, "_runtime": 70, "_step": 49, "_wandb": {"runtime": 69}}