{"gen": 799, "best_fitness": -9.426485972326024, "num_hidden": 2, "avg_fitness": -4.943852006685449, "avg_hidden": 1.97, "_timestamp": 1649414700, "_runtime": 6447, "_step": 799, "_wandb": {"runtime": 6446}}