{"gen": 49, "best_fitness": -4.880114467018055, "num_hidden": 2, "avg_fitness": -1.5113224785887933, "avg_hidden": 1.76, "num_synapses": 38, "avg_synapses": 33.2, "_timestamp": 1649689345, "_runtime": 64, "_step": 49, "_wandb": {"runtime": 63}}