{"gen": 199, "best_fitness": -7.883769184984692, "num_hidden": 2, "avg_fitness": -3.6674738676614367, "avg_hidden": 1.94, "_timestamp": 1649361898, "_runtime": 463, "_step": 199, "_wandb": {"runtime": 462}}